Running time,XEntropy,Test performance,Best Validation score,Max epochs,N epochs,Activation function +AC0- hidden,Activation function +AC0- highway,L2+AF8-reg parameter,L1+AF8-reg parameter,Batch size,Iterations,Hidden neurons per layer,Hidden Layers,Highway Layers,Leaning rate,Rho,Patience    ,b+AF8-T
3.252217265,0.7846420837,14.44,13.64,50,50,+ADw-function relu at 0x7fc72a25fa28+AD4-,+ACI-+ACIAIg-Elemwise+AHs-tanh,no+AF8-inplace+AH0AIgAi-+ACI-,0,0,100,16500,50,1,9,0.1,0.5,164990,+AC0-5
3.2880704324,2.1785577843,30.97,29.77,50,50,+ADw-function relu at 0x7fc72a25fa28+AD4-,+ACI-+ACIAIg-Elemwise+AHs-tanh,no+AF8-inplace+AH0AIgAi-+ACI-,0,0,100,5000,50,1,9,0.1,0.9,49990,+AC0-5
2.6219851653,5.277146874,89.72,89.1,50,40,+ADw-function relu at 0x7fc72a25fa28+AD4-,+ACI-+ACIAIg-Elemwise+AHs-tanh,no+AF8-inplace+AH0AIgAi-+ACI-,0,0,100,2000,50,1,9,0.1,0.99,19990,+AC0-5
3.236629947,0.3935968498,8.35,7.74,50,50,+ADw-function relu at 0x7fc72a25fa28+AD4-,+ACI-+ACIAIg-Elemwise+AHs-tanh,no+AF8-inplace+AH0AIgAi-+ACI-,0,0,100,24500,50,1,9,0.05,0.5,244990,+AC0-5
3.264339153,0.4339787552,10.66,10.03,50,50,+ADw-function relu at 0x7fc72a25fa28+AD4-,+ACI-+ACIAIg-Elemwise+AHs-tanh,no+AF8-inplace+AH0AIgAi-+ACI-,0,0,100,22500,50,1,9,0.05,0.9,224990,+AC0-5
3.2657562017,0.6954106552,14.76,14.14,50,50,+ADw-function relu at 0x7fc72a25fa28+AD4-,+ACI-+ACIAIg-Elemwise+AHs-tanh,no+AF8-inplace+AH0AIgAi-+ACI-,0,0,100,21500,50,1,9,0.05,0.99,214990,+AC0-5
3.2683910132,0.1175021257,3.77,3.49,50,50,+ADw-function relu at 0x7fc72a25fa28+AD4-,+ACI-+ACIAIg-Elemwise+AHs-tanh,no+AF8-inplace+AH0AIgAi-+ACI-,0,0,100,17500,50,1,9,0.01,0.5,174990,+AC0-5
3.2246973674,0.0784837602,3.66,3.55,50,50,+ADw-function relu at 0x7fc72a25fa28+AD4-,+ACI-+ACIAIg-Elemwise+AHs-tanh,no+AF8-inplace+AH0AIgAi-+ACI-,0,0,100,18000,50,1,9,0.01,0.9,179990,+AC0-5
3.2692449689,0.1026876366,4.2,3.81,50,50,+ADw-function relu at 0x7fc72a25fa28+AD4-,+ACI-+ACIAIg-Elemwise+AHs-tanh,no+AF8-inplace+AH0AIgAi-+ACI-,0,0,100,22000,50,1,9,0.01,0.99,219990,+AC0-5
3.2738367319,0.0618365136,3.32,3.23,50,50,+ADw-function relu at 0x7fc72a25fa28+AD4-,+ACI-+ACIAIg-Elemwise+AHs-tanh,no+AF8-inplace+AH0AIgAi-+ACI-,0,0,100,11500,50,1,9,0.005,0.5,114990,+AC0-5
3.2721386671,0.0328525699,3.3,3.06,50,50,+ADw-function relu at 0x7fc72a25fa28+AD4-,+ACI-+ACIAIg-Elemwise+AHs-tanh,no+AF8-inplace+AH0AIgAi-+ACI-,0,0,100,20500,50,1,9,0.005,0.9,204990,+AC0-5
3.2453290661,0.0367772383,3.7,3.16,50,50,+ADw-function relu at 0x7fc72a25fa28+AD4-,+ACI-+ACIAIg-Elemwise+AHs-tanh,no+AF8-inplace+AH0AIgAi-+ACI-,0,0,100,24500,50,1,9,0.005,0.99,219990,+AC0-5
1.5153169354,0.6019201474,12.9,12.06,50,50,+ADw-function relu at 0x7fc72a25fa28+AD4-,+ACI-+ACIAIg-Elemwise+AHs-tanh,no+AF8-inplace+AH0AIgAi-+ACI-,0,0,250,9400,50,1,9,0.1,0.5,93990,+AC0-5
1.555453217,0.7979225782,17,16.35,50,50,+ADw-function relu at 0x7fc72a25fa28+AD4-,+ACI-+ACIAIg-Elemwise+AHs-tanh,no+AF8-inplace+AH0AIgAi-+ACI-,0,0,250,10000,50,1,9,0.1,0.9,99990,+AC0-5
1.5393493493,4.1866079438,66.07,66.56,50,50,+ADw-function relu at 0x7fc72a25fa28+AD4-,+ACI-+ACIAIg-Elemwise+AHs-tanh,no+AF8-inplace+AH0AIgAi-+ACI-,0,0,250,4800,50,1,9,0.1,0.99,47990,+AC0-5
1.5819921176,0.3063038787,7.29,6.55,50,50,+ADw-function relu at 0x7fc72a25fa28+AD4-,+ACI-+ACIAIg-Elemwise+AHs-tanh,no+AF8-inplace+AH0AIgAi-+ACI-,0,0,250,9200,50,1,9,0.05,0.5,91990,+AC0-5
1.5656178673,0.3260715603,8.35,7.83,50,50,+ADw-function relu at 0x7fc72a25fa28+AD4-,+ACI-+ACIAIg-Elemwise+AHs-tanh,no+AF8-inplace+AH0AIgAi-+ACI-,0,0,250,6400,50,1,9,0.05,0.9,63990,+AC0-5
2.0620651007,0.4833171161,13.34,12.12,50,50,+ADw-function relu at 0x7fc72a25fa28+AD4-,+ACI-+ACIAIg-Elemwise+AHs-tanh,no+AF8-inplace+AH0AIgAi-+ACI-,0,0,250,5000,50,1,9,0.05,0.99,49990,+AC0-5
2.0719087998,0.0648684186,3.65,3.21,50,50,+ADw-function relu at 0x7fc72a25fa28+AD4-,+ACI-+ACIAIg-Elemwise+AHs-tanh,no+AF8-inplace+AH0AIgAi-+ACI-,0,0,250,6600,50,1,9,0.01,0.5,65990,+AC0-5
2.0677185337,0.0466348734,3.29,3.21,50,50,+ADw-function relu at 0x7fc72a25fa28+AD4-,+ACI-+ACIAIg-Elemwise+AHs-tanh,no+AF8-inplace+AH0AIgAi-+ACI-,0,0,250,9200,50,1,9,0.01,0.9,91990,+AC0-5
2.0586772362,0.0485257587,4.39,3.7,50,50,+ADw-function relu at 0x7fc72a25fa28+AD4-,+ACI-+ACIAIg-Elemwise+AHs-tanh,no+AF8-inplace+AH0AIgAi-+ACI-,0,0,250,3800,50,1,9,0.01,0.99,37990,+AC0-5
2.0443982363,0.0228833908,3.2,3.01,50,50,+ADw-function relu at 0x7fc72a25fa28+AD4-,+ACI-+ACIAIg-Elemwise+AHs-tanh,no+AF8-inplace+AH0AIgAi-+ACI-,0,0,250,6200,50,1,9,0.005,0.5,61990,+AC0-5
2.0610571822,0.0173762162,3.4,2.79,50,50,+ADw-function relu at 0x7fc72a25fa28+AD4-,+ACI-+ACIAIg-Elemwise+AHs-tanh,no+AF8-inplace+AH0AIgAi-+ACI-,0,0,250,8600,50,1,9,0.005,0.9,85990,+AC0-5
2.032427001,0.0246181896,3.67,3.17,50,50,+ADw-function relu at 0x7fc72a25fa28+AD4-,+ACI-+ACIAIg-Elemwise+AHs-tanh,no+AF8-inplace+AH0AIgAi-+ACI-,0,0,250,4800,50,1,9,0.005,0.99,47990,+AC0-5
1.2262279312,0.5238862011,11.34,10.99,50,50,+ADw-function relu at 0x7fc72a25fa28+AD4-,+ACI-+ACIAIg-Elemwise+AHs-tanh,no+AF8-inplace+AH0AIgAi-+ACI-,0,0,500,4200,50,1,9,0.1,0.5,41990,+AC0-5
1.2142453988,0.9567101032,20.06,19.47,50,50,+ADw-function relu at 0x7fc72a25fa28+AD4-,+ACI-+ACIAIg-Elemwise+AHs-tanh,no+AF8-inplace+AH0AIgAi-+ACI-,0,0,500,2100,50,1,9,0.1,0.9,20990,+AC0-5
1.2159450849,5.0412593937,78.69,79.99,50,50,+ADw-function relu at 0x7fc72a25fa28+AD4-,+ACI-+ACIAIg-Elemwise+AHs-tanh,no+AF8-inplace+AH0AIgAi-+ACI-,0,0,500,2200,50,1,9,0.1,0.99,20990,+AC0-5
1.2231155833,0.213060606,6.35,5.69,50,50,+ADw-function relu at 0x7fc72a25fa28+AD4-,+ACI-+ACIAIg-Elemwise+AHs-tanh,no+AF8-inplace+AH0AIgAi-+ACI-,0,0,500,3700,50,1,9,0.05,0.5,36990,+AC0-5
1.2236364484,0.2603142272,6.6,6.13,50,50,+ADw-function relu at 0x7fc72a25fa28+AD4-,+ACI-+ACIAIg-Elemwise+AHs-tanh,no+AF8-inplace+AH0AIgAi-+ACI-,0,0,500,4700,50,1,9,0.05,0.9,46990,+AC0-5
1.2272789002,0.5716030493,12.64,11.58,50,50,+ADw-function relu at 0x7fc72a25fa28+AD4-,+ACI-+ACIAIg-Elemwise+AHs-tanh,no+AF8-inplace+AH0AIgAi-+ACI-,0,0,500,4100,50,1,9,0.05,0.99,40990,+AC0-5
1.224118499,0.0318686022,3.64,3.16,50,50,+ADw-function relu at 0x7fc72a25fa28+AD4-,+ACI-+ACIAIg-Elemwise+AHs-tanh,no+AF8-inplace+AH0AIgAi-+ACI-,0,0,500,3100,50,1,9,0.01,0.5,30990,+AC0-5
1.2257954995,0.0225787401,3.35,2.97,50,50,+ADw-function relu at 0x7fc72a25fa28+AD4-,+ACI-+ACIAIg-Elemwise+AHs-tanh,no+AF8-inplace+AH0AIgAi-+ACI-,0,0,500,4500,50,1,9,0.01,0.9,44990,+AC0-5
1.2329936663,0.0610673272,4.27,3.75,50,50,+ADw-function relu at 0x7fc72a25fa28+AD4-,+ACI-+ACIAIg-Elemwise+AHs-tanh,no+AF8-inplace+AH0AIgAi-+ACI-,0,0,500,4300,50,1,9,0.01,0.99,42990,+AC0-5
1.2265383005,0.0199516525,3.51,2.99,50,50,+ADw-function relu at 0x7fc72a25fa28+AD4-,+ACI-+ACIAIg-Elemwise+AHs-tanh,no+AF8-inplace+AH0AIgAi-+ACI-,0,0,500,3200,50,1,9,0.005,0.5,31990,+AC0-5
1.2264326851,0.0120186782,3.49,3.01,50,50,+ADw-function relu at 0x7fc72a25fa28+AD4-,+ACI-+ACIAIg-Elemwise+AHs-tanh,no+AF8-inplace+AH0AIgAi-+ACI-,0,0,500,4600,50,1,9,0.005,0.9,45990,+AC0-5
1.222217981,0.0110998012,3.28,2.97,50,50,+ADw-function relu at 0x7fc72a25fa28+AD4-,+ACI-+ACIAIg-Elemwise+AHs-tanh,no+AF8-inplace+AH0AIgAi-+ACI-,0,0,500,3200,50,1,9,0.005,0.99,31990,+AC0-5
4.4687511683,0.7846420837,14.44,13.64,50,50,+ADw-function relu at 0x7fc72a25fa28+AD4-,+ACI-+ACIAIg-Elemwise+AHs-tanh,no+AF8-inplace+AH0AIgAi-+ACI-,0,0,100,16500,50,1,9,0.1,0.5,164990,+AC0-5
4.4571832498,2.1785577843,30.97,29.77,50,50,+ADw-function relu at 0x7fc72a25fa28+AD4-,+ACI-+ACIAIg-Elemwise+AHs-tanh,no+AF8-inplace+AH0AIgAi-+ACI-,0,0,100,5000,50,1,9,0.1,0.9,49990,+AC0-5
3.5566242496,5.277146874,89.72,89.1,50,40,+ADw-function relu at 0x7fc72a25fa28+AD4-,+ACI-+ACIAIg-Elemwise+AHs-tanh,no+AF8-inplace+AH0AIgAi-+ACI-,0,0,100,2000,50,1,9,0.1,0.99,19990,+AC0-5
4.4542612513,0.3935968498,8.35,7.74,50,50,+ADw-function relu at 0x7fc72a25fa28+AD4-,+ACI-+ACIAIg-Elemwise+AHs-tanh,no+AF8-inplace+AH0AIgAi-+ACI-,0,0,100,24500,50,1,9,0.05,0.5,244990,+AC0-5
4.44081345,0.4339787552,10.66,10.03,50,50,+ADw-function relu at 0x7fc72a25fa28+AD4-,+ACI-+ACIAIg-Elemwise+AHs-tanh,no+AF8-inplace+AH0AIgAi-+ACI-,0,0,100,22500,50,1,9,0.05,0.9,224990,+AC0-5
4.4887414177,0.6954106552,14.76,14.14,50,50,+ADw-function relu at 0x7fc72a25fa28+AD4-,+ACI-+ACIAIg-Elemwise+AHs-tanh,no+AF8-inplace+AH0AIgAi-+ACI-,0,0,100,21500,50,1,9,0.05,0.99,214990,+AC0-5
4.3740639687,0.1175021257,3.77,3.49,50,50,+ADw-function relu at 0x7fc72a25fa28+AD4-,+ACI-+ACIAIg-Elemwise+AHs-tanh,no+AF8-inplace+AH0AIgAi-+ACI-,0,0,100,17500,50,1,9,0.01,0.5,174990,+AC0-5
4.4045911352,0.0784837602,3.66,3.55,50,50,+ADw-function relu at 0x7fc72a25fa28+AD4-,+ACI-+ACIAIg-Elemwise+AHs-tanh,no+AF8-inplace+AH0AIgAi-+ACI-,0,0,100,18000,50,1,9,0.01,0.9,179990,+AC0-5
4.4406465689,0.1026876366,4.2,3.81,50,50,+ADw-function relu at 0x7fc72a25fa28+AD4-,+ACI-+ACIAIg-Elemwise+AHs-tanh,no+AF8-inplace+AH0AIgAi-+ACI-,0,0,100,22000,50,1,9,0.01,0.99,219990,+AC0-5
4.3782948852,0.0618365136,3.32,3.23,50,50,+ADw-function relu at 0x7fc72a25fa28+AD4-,+ACI-+ACIAIg-Elemwise+AHs-tanh,no+AF8-inplace+AH0AIgAi-+ACI-,0,0,100,11500,50,1,9,0.005,0.5,114990,+AC0-5
4.4539478819,0.0328525699,3.3,3.06,50,50,+ADw-function relu at 0x7fc72a25fa28+AD4-,+ACI-+ACIAIg-Elemwise+AHs-tanh,no+AF8-inplace+AH0AIgAi-+ACI-,0,0,100,20500,50,1,9,0.005,0.9,204990,+AC0-5
4.3995436827,0.0367772383,3.7,3.16,50,50,+ADw-function relu at 0x7fc72a25fa28+AD4-,+ACI-+ACIAIg-Elemwise+AHs-tanh,no+AF8-inplace+AH0AIgAi-+ACI-,0,0,100,24500,50,1,9,0.005,0.99,219990,+AC0-5
2.0486804843,0.6019201474,12.9,12.06,50,50,+ADw-function relu at 0x7fc72a25fa28+AD4-,+ACI-+ACIAIg-Elemwise+AHs-tanh,no+AF8-inplace+AH0AIgAi-+ACI-,0,0,250,9400,50,1,9,0.1,0.5,93990,+AC0-5
2.0611233314,0.7979225782,17,16.35,50,50,+ADw-function relu at 0x7fc72a25fa28+AD4-,+ACI-+ACIAIg-Elemwise+AHs-tanh,no+AF8-inplace+AH0AIgAi-+ACI-,0,0,250,10000,50,1,9,0.1,0.9,99990,+AC0-5
2.042585365,4.1866079438,66.07,66.56,50,50,+ADw-function relu at 0x7fc72a25fa28+AD4-,+ACI-+ACIAIg-Elemwise+AHs-tanh,no+AF8-inplace+AH0AIgAi-+ACI-,0,0,250,4800,50,1,9,0.1,0.99,47990,+AC0-5
2.0475910664,0.3063038787,7.29,6.55,50,50,+ADw-function relu at 0x7fc72a25fa28+AD4-,+ACI-+ACIAIg-Elemwise+AHs-tanh,no+AF8-inplace+AH0AIgAi-+ACI-,0,0,250,9200,50,1,9,0.05,0.5,91990,+AC0-5
2.0463385503,0.3260715603,8.35,7.83,50,50,+ADw-function relu at 0x7fc72a25fa28+AD4-,+ACI-+ACIAIg-Elemwise+AHs-tanh,no+AF8-inplace+AH0AIgAi-+ACI-,0,0,250,6400,50,1,9,0.05,0.9,63990,+AC0-5
2.0497266491,0.4833171161,13.34,12.12,50,50,+ADw-function relu at 0x7fc72a25fa28+AD4-,+ACI-+ACIAIg-Elemwise+AHs-tanh,no+AF8-inplace+AH0AIgAi-+ACI-,0,0,250,5000,50,1,9,0.05,0.99,49990,+AC0-5
2.0363025983,0.0648684186,3.65,3.21,50,50,+ADw-function relu at 0x7fc72a25fa28+AD4-,+ACI-+ACIAIg-Elemwise+AHs-tanh,no+AF8-inplace+AH0AIgAi-+ACI-,0,0,250,6600,50,1,9,0.01,0.5,65990,+AC0-5
2.0454525828,0.0466348734,3.29,3.21,50,50,+ADw-function relu at 0x7fc72a25fa28+AD4-,+ACI-+ACIAIg-Elemwise+AHs-tanh,no+AF8-inplace+AH0AIgAi-+ACI-,0,0,250,9200,50,1,9,0.01,0.9,91990,+AC0-5
2.0339399656,0.0485257587,4.39,3.7,50,50,+ADw-function relu at 0x7fc72a25fa28+AD4-,+ACI-+ACIAIg-Elemwise+AHs-tanh,no+AF8-inplace+AH0AIgAi-+ACI-,0,0,250,3800,50,1,9,0.01,0.99,37990,+AC0-5
2.0319537679,0.0228833908,3.2,3.01,50,50,+ADw-function relu at 0x7fc72a25fa28+AD4-,+ACI-+ACIAIg-Elemwise+AHs-tanh,no+AF8-inplace+AH0AIgAi-+ACI-,0,0,250,6200,50,1,9,0.005,0.5,61990,+AC0-5
2.0433643818,0.0173762162,3.4,2.79,50,50,+ADw-function relu at 0x7fc72a25fa28+AD4-,+ACI-+ACIAIg-Elemwise+AHs-tanh,no+AF8-inplace+AH0AIgAi-+ACI-,0,0,250,8600,50,1,9,0.005,0.9,85990,+AC0-5
2.0467770815,0.0246181896,3.67,3.17,50,50,+ADw-function relu at 0x7fc72a25fa28+AD4-,+ACI-+ACIAIg-Elemwise+AHs-tanh,no+AF8-inplace+AH0AIgAi-+ACI-,0,0,250,4800,50,1,9,0.005,0.99,47990,+AC0-5
1.2136059165,0.5238862011,11.34,10.99,50,50,+ADw-function relu at 0x7fc72a25fa28+AD4-,+ACI-+ACIAIg-Elemwise+AHs-tanh,no+AF8-inplace+AH0AIgAi-+ACI-,0,0,500,4200,50,1,9,0.1,0.5,41990,+AC0-5
1.2136840502,0.9567101032,20.06,19.47,50,50,+ADw-function relu at 0x7fc72a25fa28+AD4-,+ACI-+ACIAIg-Elemwise+AHs-tanh,no+AF8-inplace+AH0AIgAi-+ACI-,0,0,500,2100,50,1,9,0.1,0.9,20990,+AC0-5
1.2056646824,5.0412593937,78.69,79.99,50,50,+ADw-function relu at 0x7fc72a25fa28+AD4-,+ACI-+ACIAIg-Elemwise+AHs-tanh,no+AF8-inplace+AH0AIgAi-+ACI-,0,0,500,2200,50,1,9,0.1,0.99,20990,+AC0-5
1.2130335649,0.213060606,6.35,5.69,50,50,+ADw-function relu at 0x7fc72a25fa28+AD4-,+ACI-+ACIAIg-Elemwise+AHs-tanh,no+AF8-inplace+AH0AIgAi-+ACI-,0,0,500,3700,50,1,9,0.05,0.5,36990,+AC0-5
1.2129307032,0.2603142272,6.6,6.13,50,50,+ADw-function relu at 0x7fc72a25fa28+AD4-,+ACI-+ACIAIg-Elemwise+AHs-tanh,no+AF8-inplace+AH0AIgAi-+ACI-,0,0,500,4700,50,1,9,0.05,0.9,46990,+AC0-5
1.2257327517,0.5716030493,12.64,11.58,50,50,+ADw-function relu at 0x7fc72a25fa28+AD4-,+ACI-+ACIAIg-Elemwise+AHs-tanh,no+AF8-inplace+AH0AIgAi-+ACI-,0,0,500,4100,50,1,9,0.05,0.99,40990,+AC0-5
1.2079162836,0.0318686022,3.64,3.16,50,50,+ADw-function relu at 0x7fc72a25fa28+AD4-,+ACI-+ACIAIg-Elemwise+AHs-tanh,no+AF8-inplace+AH0AIgAi-+ACI-,0,0,500,3100,50,1,9,0.01,0.5,30990,+AC0-5
1.217249167,0.0225787401,3.35,2.97,50,50,+ADw-function relu at 0x7fc72a25fa28+AD4-,+ACI-+ACIAIg-Elemwise+AHs-tanh,no+AF8-inplace+AH0AIgAi-+ACI-,0,0,500,4500,50,1,9,0.01,0.9,44990,+AC0-5
1.2029446006,0.0610673272,4.27,3.75,50,50,+ADw-function relu at 0x7fc72a25fa28+AD4-,+ACI-+ACIAIg-Elemwise+AHs-tanh,no+AF8-inplace+AH0AIgAi-+ACI-,0,0,500,4300,50,1,9,0.01,0.99,42990,+AC0-5
1.2123246829,0.0199516525,3.51,2.99,50,50,+ADw-function relu at 0x7fc72a25fa28+AD4-,+ACI-+ACIAIg-Elemwise+AHs-tanh,no+AF8-inplace+AH0AIgAi-+ACI-,0,0,500,3200,50,1,9,0.005,0.5,31990,+AC0-5
1.2157949845,0.0120186782,3.49,3.01,50,50,+ADw-function relu at 0x7fc72a25fa28+AD4-,+ACI-+ACIAIg-Elemwise+AHs-tanh,no+AF8-inplace+AH0AIgAi-+ACI-,0,0,500,4600,50,1,9,0.005,0.9,45990,+AC0-5
1.2025665522,0.0110998012,3.28,2.97,50,50,+ADw-function relu at 0x7fc72a25fa28+AD4-,+ACI-+ACIAIg-Elemwise+AHs-tanh,no+AF8-inplace+AH0AIgAi-+ACI-,0,0,500,3200,50,1,9,0.005,0.99,31990,+AC0-5
6.0691351175,2.6437151855,56.93,57.41,50,20,+ADw-function relu at 0x7f37f9a93a28+AD4-,+ACI-+ACIAIg-Elemwise+AHs-tanh,no+AF8-inplace+AH0AIgAi-+ACI-,0,0,50,2000,50,1,19,0.05,0.5,19990,+AC0-5
14.7984700163,3.2124051752,56.07,56.91,50,50,+ADw-function relu at 0x7f37f9a93a28+AD4-,+ACI-+ACIAIg-Elemwise+AHs-tanh,no+AF8-inplace+AH0AIgAi-+ACI-,0,0,50,13000,50,1,19,0.05,0.9,129990,+AC0-5
15.0922184507,3.3065460048,79.17,79.03,50,50,+ADw-function relu at 0x7f37f9a93a28+AD4-,+ACI-+ACIAIg-Elemwise+AHs-tanh,no+AF8-inplace+AH0AIgAi-+ACI-,0,0,50,20000,50,1,19,0.05,0.99,199990,+AC0-5
5.9494184971,0.4196199236,7.56,6.92,50,20,+ADw-function relu at 0x7f37f9a93a28+AD4-,+ACI-+ACIAIg-Elemwise+AHs-tanh,no+AF8-inplace+AH0AIgAi-+ACI-,0,0,50,2000,50,1,19,0.01,0.5,19990,+AC0-5
14.8774920464,0.2334942562,5.54,5.08,50,50,+ADw-function relu at 0x7f37f9a93a28+AD4-,+ACI-+ACIAIg-Elemwise+AHs-tanh,no+AF8-inplace+AH0AIgAi-+ACI-,0,0,50,28000,50,1,19,0.01,0.9,279990,+AC0-5
18.6319351673,0.1935275625,6.15,5.48,50,50,+ADw-function relu at 0x7f37f9a93a28+AD4-,+ACI-+ACIAIg-Elemwise+AHs-tanh,no+AF8-inplace+AH0AIgAi-+ACI-,0,0,50,46000,50,1,19,0.01,0.99,459990,+AC0-5
19.3011966348,0.2857407089,4.8,4.28,50,50,+ADw-function relu at 0x7f37f9a93a28+AD4-,+ACI-+ACIAIg-Elemwise+AHs-tanh,no+AF8-inplace+AH0AIgAi-+ACI-,0,0,50,11000,50,1,19,0.005,0.5,109990,+AC0-5
14.9751721819,0.1195626832,3.95,3.37,50,50,+ADw-function relu at 0x7f37f9a93a28+AD4-,+ACI-+ACIAIg-Elemwise+AHs-tanh,no+AF8-inplace+AH0AIgAi-+ACI-,0,0,50,23000,50,1,19,0.005,0.9,229990,+AC0-5
15.0218756477,0.0651079466,3.71,3.36,50,50,+ADw-function relu at 0x7f37f9a93a28+AD4-,+ACI-+ACIAIg-Elemwise+AHs-tanh,no+AF8-inplace+AH0AIgAi-+ACI-,0,0,50,38000,50,1,19,0.005,0.99,379990,+AC0-5
10.1273723841,2.6797931912,31.6,31.69,50,50,+ADw-function relu at 0x7f37f9a93a28+AD4-,+ACI-+ACIAIg-Elemwise+AHs-tanh,no+AF8-inplace+AH0AIgAi-+ACI-,0,0,100,10500,50,1,19,0.05,0.5,104990,+AC0-5
4.0564808687,0.0063705983,81.55,82.6,50,21,+ADw-function relu at 0x7f37f9a93a28+AD4-,+ACI-+ACIAIg-Elemwise+AHs-tanh,no+AF8-inplace+AH0AIgAi-+ACI-,0,0,100,500,50,1,19,0.05,0.9,10000,+AC0-5
4.0441498319,0.0052971373,90.2,90.09,50,21,+ADw-function relu at 0x7f37f9a93a28+AD4-,+ACI-+ACIAIg-Elemwise+AHs-tanh,no+AF8-inplace+AH0AIgAi-+ACI-,0,0,100,500,50,1,19,0.05,0.99,10000,+AC0-5
10.0660085162,0.3029253095,5.45,4.88,50,50,+ADw-function relu at 0x7f37f9a93a28+AD4-,+ACI-+ACIAIg-Elemwise+AHs-tanh,no+AF8-inplace+AH0AIgAi-+ACI-,0,0,100,8000,50,1,19,0.01,0.5,79990,+AC0-5
8.3811755697,0.1056536812,3.74,3.31,50,50,+ADw-function relu at 0x7f37f9a93a28+AD4-,+ACI-+ACIAIg-Elemwise+AHs-tanh,no+AF8-inplace+AH0AIgAi-+ACI-,0,0,100,10500,50,1,19,0.01,0.9,104990,+AC0-5
10.1436453501,0.1518731292,5.37,4.81,50,50,+ADw-function relu at 0x7f37f9a93a28+AD4-,+ACI-+ACIAIg-Elemwise+AHs-tanh,no+AF8-inplace+AH0AIgAi-+ACI-,0,0,100,25000,50,1,19,0.01,0.99,249990,+AC0-5
10.0569783648,0.1504305437,3.91,3.52,50,50,+ADw-function relu at 0x7f37f9a93a28+AD4-,+ACI-+ACIAIg-Elemwise+AHs-tanh,no+AF8-inplace+AH0AIgAi-+ACI-,0,0,100,11000,50,1,19,0.005,0.5,109990,+AC0-5
10.0904772838,0.0500617079,3.41,2.88,50,50,+ADw-function relu at 0x7f37f9a93a28+AD4-,+ACI-+ACIAIg-Elemwise+AHs-tanh,no+AF8-inplace+AH0AIgAi-+ACI-,0,0,100,21500,50,1,19,0.005,0.9,214990,+AC0-5
9.4452444514,0.0288430786,3.29,3.06,50,50,+ADw-function relu at 0x7f37f9a93a28+AD4-,+ACI-+ACIAIg-Elemwise+AHs-tanh,no+AF8-inplace+AH0AIgAi-+ACI-,0,0,100,21500,50,1,19,0.005,0.99,214990,+AC0-5
2.1896269679,0.4004501206,9.61,9.27,50,50,+ADw-function relu at 0x7f37f9a93a28+AD4-,+ACI-+ACIAIg-Elemwise+AHs-tanh,no+AF8-inplace+AH0AIgAi-+ACI-,0,0,500,4500,50,1,19,0.05,0.5,44990,+AC0-5
2.2346349994,0.3985278803,10.55,9.92,50,50,+ADw-function relu at 0x7f37f9a93a28+AD4-,+ACI-+ACIAIg-Elemwise+AHs-tanh,no+AF8-inplace+AH0AIgAi-+ACI-,0,0,500,5000,50,1,19,0.05,0.9,49990,+AC0-5
2.2510335167,3.0427752686,87.73,87.49,50,50,+ADw-function relu at 0x7f37f9a93a28+AD4-,+ACI-+ACIAIg-Elemwise+AHs-tanh,no+AF8-inplace+AH0AIgAi-+ACI-,0,0,500,4500,50,1,19,0.05,0.99,44990,+AC0-5
2.2054736018,0.0414104804,3.03,2.99,50,50,+ADw-function relu at 0x7f37f9a93a28+AD4-,+ACI-+ACIAIg-Elemwise+AHs-tanh,no+AF8-inplace+AH0AIgAi-+ACI-,0,0,500,4300,50,1,19,0.01,0.5,42990,+AC0-5
2.1935475191,0.031613876,3.34,3.17,50,50,+ADw-function relu at 0x7f37f9a93a28+AD4-,+ACI-+ACIAIg-Elemwise+AHs-tanh,no+AF8-inplace+AH0AIgAi-+ACI-,0,0,500,4100,50,1,19,0.01,0.9,40990,+AC0-5
2.1872279684,0.0512610981,4.47,4.01,50,50,+ADw-function relu at 0x7f37f9a93a28+AD4-,+ACI-+ACIAIg-Elemwise+AHs-tanh,no+AF8-inplace+AH0AIgAi-+ACI-,0,0,500,2000,50,1,19,0.01,0.99,19990,+AC0-5
2.2113294681,0.0153108256,3.18,3.08,50,50,+ADw-function relu at 0x7f37f9a93a28+AD4-,+ACI-+ACIAIg-Elemwise+AHs-tanh,no+AF8-inplace+AH0AIgAi-+ACI-,0,0,500,4600,50,1,19,0.005,0.5,45990,+AC0-5
2.1794526657,0.0136375111,3.15,3.03,50,50,+ADw-function relu at 0x7f37f9a93a28+AD4-,+ACI-+ACIAIg-Elemwise+AHs-tanh,no+AF8-inplace+AH0AIgAi-+ACI-,0,0,500,2200,50,1,19,0.005,0.9,21990,+AC0-5
2.2059246341,0.0234618903,3.71,3.22,50,50,+ADw-function relu at 0x7f37f9a93a28+AD4-,+ACI-+ACIAIg-Elemwise+AHs-tanh,no+AF8-inplace+AH0AIgAi-+ACI-,0,0,500,3400,50,1,19,0.005,0.99,33990,+AC0-5
4.0954993844,0.0022953463,89.9,89.7,50,11,+ADw-function relu at 0x7f1ba625fa28+AD4-,+ADw-function relu at 0x7f1ba625fa28+AD4-,0,0,50,1000,50,1,19,0.05,0.5,10000,+AC0-5
15.9115198851,2.1247783229,78.49,79.28,50,50,+ADw-function relu at 0x7f1ba625fa28+AD4-,+ADw-function relu at 0x7f1ba625fa28+AD4-,0,0,50,29000,50,1,19,0.05,0.9,289990,+AC0-5
3.1875225504,0.0022954583,89.9,89.7,50,11,+ADw-function relu at 0x7f1ba625fa28+AD4-,+ADw-function relu at 0x7f1ba625fa28+AD4-,0,0,50,1000,50,1,19,0.05,0.99,10000,+AC0-5
15.9784127514,0.3949020102,5.57,5.02,50,50,+ADw-function relu at 0x7f1ba625fa28+AD4-,+ADw-function relu at 0x7f1ba625fa28+AD4-,0,0,50,5000,50,1,19,0.01,0.5,49990,+AC0-5
6.3891442339,0.4857586284,6.21,5.2,50,20,+ADw-function relu at 0x7f1ba625fa28+AD4-,+ADw-function relu at 0x7f1ba625fa28+AD4-,0,0,50,2000,50,1,19,0.01,0.9,19990,+AC0-5
3.195764184,0.0022989423,88.65,89.36,50,11,+ADw-function relu at 0x7f1ba625fa28+AD4-,+ADw-function relu at 0x7f1ba625fa28+AD4-,0,0,50,1000,50,1,19,0.01,0.99,10000,+AC0-5
3.4171119014,0.0045974922,89.91,89.68,50,21,+ADw-function relu at 0x7f1ba625fa28+AD4-,+ADw-function relu at 0x7f1ba625fa28+AD4-,0,0,100,500,50,1,19,0.05,0.5,10000,+AC0-5
3.3800633152,0.0045989408,89.9,89.7,50,21,+ADw-function relu at 0x7f1ba625fa28+AD4-,+ADw-function relu at 0x7f1ba625fa28+AD4-,0,0,100,500,50,1,19,0.05,0.9,10000,+AC0-5
3.419631052,0.0046008582,89.9,89.7,50,21,+ADw-function relu at 0x7f1ba625fa28+AD4-,+ADw-function relu at 0x7f1ba625fa28+AD4-,0,0,100,500,50,1,19,0.05,0.99,10000,+AC0-5
8.6093002319,0.5948964179,4.95,4.22,50,50,+ADw-function relu at 0x7f1ba625fa28+AD4-,+ADw-function relu at 0x7f1ba625fa28+AD4-,0,0,100,4500,50,1,19,0.01,0.5,44990,+AC0-5
3.4245932659,0.0045940576,76.14,75.87,50,21,+ADw-function relu at 0x7f1ba625fa28+AD4-,+ADw-function relu at 0x7f1ba625fa28+AD4-,0,0,100,1000,50,1,19,0.01,0.9,10000,+AC0-5
3.4934412837,0.0045944366,88.64,89.36,50,21,+ADw-function relu at 0x7f1ba625fa28+AD4-,+ADw-function relu at 0x7f1ba625fa28+AD4-,0,0,100,500,50,1,19,0.01,0.99,10000,+AC0-5
2.3599309683,2.3025304866,83.72,84.59,50,50,+ADw-function relu at 0x7f1ba625fa28+AD4-,+ADw-function relu at 0x7f1ba625fa28+AD4-,0,0,500,100,50,1,19,0.05,0.5,10000,+AC0-5
2.3593235532,2.3026414537,88.65,89.36,50,50,+ADw-function relu at 0x7f1ba625fa28+AD4-,+ADw-function relu at 0x7f1ba625fa28+AD4-,0,0,500,100,50,1,19,0.05,0.9,10000,+AC0-5
2.3619201024,2.2894771075,89.31,88.92,50,50,+ADw-function relu at 0x7f1ba625fa28+AD4-,+ADw-function relu at 0x7f1ba625fa28+AD4-,0,0,500,2300,50,1,19,0.05,0.99,22990,+AC0-5
2.3614760518,0.0660698889,3.16,3.17,50,50,+ADw-function relu at 0x7f1ba625fa28+AD4-,+ADw-function relu at 0x7f1ba625fa28+AD4-,0,0,500,4300,50,1,19,0.01,0.5,42990,+AC0-5
2.3593322674,0.0375899483,3.54,3.17,50,50,+ADw-function relu at 0x7f1ba625fa28+AD4-,+ADw-function relu at 0x7f1ba625fa28+AD4-,0,0,500,4200,50,1,19,0.01,0.9,41990,+AC0-5
2.3612838666,2.3013674092,88.58,89.34,50,50,+ADw-function relu at 0x7f1ba625fa28+AD4-,+ADw-function relu at 0x7f1ba625fa28+AD4-,0,0,500,100,50,1,19,0.01,0.99,10000,+AC0-5
10.82988535,0.004597492,89.9,89.7,50,21,+ADw-function relu at 0x7fa7655d5d70+AD4-,+ADw-function relu at 0x7fa7655d5d70+AD4-,0,0,100,500,50,1,49,0.05,0.5,10000,+AC0-8
21.17687198,2.305099243,78.61,79.23,50,50,+ADw-function relu at 0x7fa7655d5d70+AD4-,+ADw-function relu at 0x7fa7655d5d70+AD4-,0,0,100,6000,50,1,49,0.05,0.9,59990,+AC0-8
21.92261797,2.301800268,4.34,3.7,50,50,+ADw-function relu at 0x7fa7655d5d70+AD4-,+ADw-function relu at 0x7fa7655d5d70+AD4-,0,0,100,3000,50,1,49,0.01,0.5,29990,+AC0-8
23.95620355,2.260404519,3.97,3.76,50,50,+ADw-function relu at 0x7fa7655d5d70+AD4-,+ADw-function relu at 0x7fa7655d5d70+AD4-,0,0,100,2500,50,1,49,0.01,0.9,24990,+AC0-8
21.80560922,0.06283658,3.14,2.96,50,50,+ADw-function relu at 0x7fa7655d5d70+AD4-,+ADw-function relu at 0x7fa7655d5d70+AD4-,0,0,100,23500,50,1,49,0.005,0.5,234990,+AC0-8
21.11708298,0.01663695,3.12,2.9,50,50,+ADw-function relu at 0x7fa7655d5d70+AD4-,+ADw-function relu at 0x7fa7655d5d70+AD4-,0,0,100,23500,50,1,49,0.005,0.9,234990,+AC0-8
9.686077948,2.303209473,88.69,89.43,50,50,+ADw-function relu at 0x7fa7655d5d70+AD4-,+ADw-function relu at 0x7fa7655d5d70+AD4-,0,0,250,200,50,1,49,0.05,0.5,10000,+AC0-8
9.72543275,2.303352855,88.65,89.36,50,50,+ADw-function relu at 0x7fa7655d5d70+AD4-,+ADw-function relu at 0x7fa7655d5d70+AD4-,0,0,250,800,50,1,49,0.05,0.9,10000,+AC0-8
9.636978531,0.076716314,3.13,3.01,50,50,+ADw-function relu at 0x7fa7655d5d70+AD4-,+ADw-function relu at 0x7fa7655d5d70+AD4-,0,0,250,6400,50,1,49,0.01,0.5,63990,+AC0-8
9.691513832,2.30150282,5.29,5.16,50,50,+ADw-function relu at 0x7fa7655d5d70+AD4-,+ADw-function relu at 0x7fa7655d5d70+AD4-,0,0,250,600,50,1,49,0.01,0.9,10000,+AC0-8
9.622258782,0.017675222,3.31,3.04,50,50,+ADw-function relu at 0x7fa7655d5d70+AD4-,+ADw-function relu at 0x7fa7655d5d70+AD4-,0,0,250,5200,50,1,49,0.005,0.5,51990,+AC0-8
9.708813282,0.016446931,3.04,2.81,50,50,+ADw-function relu at 0x7fa7655d5d70+AD4-,+ADw-function relu at 0x7fa7655d5d70+AD4-,0,0,250,7200,50,1,49,0.005,0.9,71990,+AC0-8
5.932542102,2.302530515,88.91,88.62,50,50,+ADw-function relu at 0x7fa7655d5d70+AD4-,+ADw-function relu at 0x7fa7655d5d70+AD4-,0,0,500,300,50,1,49,0.05,0.5,10000,+AC0-8
5.933333,2.302641449,88.65,89.36,50,50,+ADw-function relu at 0x7fa7655d5d70+AD4-,+ADw-function relu at 0x7fa7655d5d70+AD4-,0,0,500,200,50,1,49,0.05,0.9,10000,+AC0-8
5.841724916,0.023823212,3.37,3.08,50,50,+ADw-function relu at 0x7fa7655d5d70+AD4-,+ADw-function relu at 0x7fa7655d5d70+AD4-,0,0,500,4800,50,1,49,0.01,0.5,47990,+AC0-8
5.861810748,0.019554256,3.29,2.97,50,50,+ADw-function relu at 0x7fa7655d5d70+AD4-,+ADw-function relu at 0x7fa7655d5d70+AD4-,0,0,500,2300,50,1,49,0.01,0.9,22990,+AC0-8
5.801080867,0.013643257,3.68,2.86,50,50,+ADw-function relu at 0x7fa7655d5d70+AD4-,+ADw-function relu at 0x7fa7655d5d70+AD4-,0,0,500,3100,50,1,49,0.005,0.5,30990,+AC0-8
5.845873932,0.013322315,3.09,2.95,50,50,+ADw-function relu at 0x7fa7655d5d70+AD4-,+ADw-function relu at 0x7fa7655d5d70+AD4-,0,0,500,5000,50,1,49,0.005,0.9,49990,+AC0-8
8.332647351,0.008485359,46.8,46.02,50,21,+ADw-function relu at 0x7fa7655d5d70+AD4-,+ACI-Elemwise+AHs-tanh,no+AF8-inplace+AH0-+ACI-,0,0,100,500,50,1,49,0.05,0.5,10000,+AC0-8
8.3196322,0.005356925,71.92,72.4,50,21,+ADw-function relu at 0x7fa7655d5d70+AD4-,+ACI-Elemwise+AHs-tanh,no+AF8-inplace+AH0-+ACI-,0,0,100,500,50,1,49,0.05,0.9,10000,+AC0-8
21.5408772,0.18125504,4.84,4.03,50,50,+ADw-function relu at 0x7fa7655d5d70+AD4-,+ACI-Elemwise+AHs-tanh,no+AF8-inplace+AH0-+ACI-,0,0,100,5000,50,1,49,0.01,0.5,49990,+AC0-8
23.76684982,0.092697633,3.66,3.28,50,50,+ADw-function relu at 0x7fa7655d5d70+AD4-,+ACI-Elemwise+AHs-tanh,no+AF8-inplace+AH0-+ACI-,0,0,100,8000,50,1,49,0.01,0.9,79990,+AC0-8
25.39252328,0.03435275,3.25,3.04,50,50,+ADw-function relu at 0x7fa7655d5d70+AD4-,+ACI-Elemwise+AHs-tanh,no+AF8-inplace+AH0-+ACI-,0,0,100,23000,50,1,49,0.005,0.5,229990,+AC0-8
26.88136588,0.015126068,2.94,2.83,50,50,+ADw-function relu at 0x7fa7655d5d70+AD4-,+ACI-Elemwise+AHs-tanh,no+AF8-inplace+AH0-+ACI-,0,0,100,25000,50,1,49,0.005,0.9,249990,+AC0-8
11.9106088,2.874000345,11.84,11.25,50,50,+ADw-function relu at 0x7fa7655d5d70+AD4-,+ACI-Elemwise+AHs-tanh,no+AF8-inplace+AH0-+ACI-,0,0,250,600,50,1,49,0.05,0.5,10000,+AC0-8
11.88110125,3.029779688,19.69,18.53,50,50,+ADw-function relu at 0x7fa7655d5d70+AD4-,+ACI-Elemwise+AHs-tanh,no+AF8-inplace+AH0-+ACI-,0,0,250,800,50,1,49,0.05,0.9,10000,+AC0-8
11.96326174,0.025249595,3.23,2.96,50,50,+ADw-function relu at 0x7fa7655d5d70+AD4-,+ACI-Elemwise+AHs-tanh,no+AF8-inplace+AH0-+ACI-,0,0,250,9200,50,1,49,0.01,0.5,67990,+AC0-8
9.326266897,0.025294207,3.44,2.8,50,50,+ADw-function relu at 0x7fa7655d5d70+AD4-,+ACI-Elemwise+AHs-tanh,no+AF8-inplace+AH0-+ACI-,0,0,250,9000,50,1,49,0.01,0.9,89990,+AC0-8
9.325537384,0.010840391,3.23,2.77,50,50,+ADw-function relu at 0x7fa7655d5d70+AD4-,+ACI-Elemwise+AHs-tanh,no+AF8-inplace+AH0-+ACI-,0,0,250,7400,50,1,49,0.005,0.5,73990,+AC0-8
9.291528265,0.007824437,3.32,2.81,50,50,+ADw-function relu at 0x7fa7655d5d70+AD4-,+ACI-Elemwise+AHs-tanh,no+AF8-inplace+AH0-+ACI-,0,0,250,4400,50,1,49,0.005,0.9,43990,+AC0-8
5.498123733,0.540123793,7.79,7.35,50,50,+ADw-function relu at 0x7fa7655d5d70+AD4-,+ACI-Elemwise+AHs-tanh,no+AF8-inplace+AH0-+ACI-,0,0,500,2200,50,1,49,0.05,0.5,21990,+AC0-8
5.872875269,2.972157512,12.91,12.02,50,50,+ADw-function relu at 0x7fa7655d5d70+AD4-,+ACI-Elemwise+AHs-tanh,no+AF8-inplace+AH0-+ACI-,0,0,500,1500,50,1,49,0.05,0.9,14990,+AC0-8
5.688793735,0.011649444,3.14,2.88,50,50,+ADw-function relu at 0x7fa7655d5d70+AD4-,+ACI-Elemwise+AHs-tanh,no+AF8-inplace+AH0-+ACI-,0,0,500,3900,50,1,49,0.01,0.5,38990,+AC0-8
5.746559668,0.015656665,3.39,2.82,50,50,+ADw-function relu at 0x7fa7655d5d70+AD4-,+ACI-Elemwise+AHs-tanh,no+AF8-inplace+AH0-+ACI-,0,0,500,3000,50,1,49,0.01,0.9,29990,+AC0-8
5.774820765,0.006089687,3.35,2.82,50,50,+ADw-function relu at 0x7fa7655d5d70+AD4-,+ACI-Elemwise+AHs-tanh,no+AF8-inplace+AH0-+ACI-,0,0,500,4900,50,1,49,0.005,0.5,48990,+AC0-8
6.865284832,0.010538806,3.45,3.03,50,50,+ADw-function relu at 0x7fa7655d5d70+AD4-,+ACI-Elemwise+AHs-tanh,no+AF8-inplace+AH0-+ACI-,0,0,500,4800,50,1,49,0.005,0.9,47990,+AC0-8
3.879894169,0.752952845,13.41,12.45,50,50,+ADw-function relu at 0x7f34c81b9d70+AD4-,+ADw-function relu at 0x7f34c81b9d70+AD4-,0,0,100,3500,50,1,9,0.05,0.5,34990,+AC0-8
4.1242214,0.760824029,23.16,23.23,50,50,+ADw-function relu at 0x7f34c81b9d70+AD4-,+ADw-function relu at 0x7f34c81b9d70+AD4-,0,0,100,3500,50,1,9,0.05,0.9,34990,+AC0-8
4.079996936,0.088015256,3.83,3.42,50,50,+ADw-function relu at 0x7f34c81b9d70+AD4-,+ADw-function relu at 0x7f34c81b9d70+AD4-,0,0,100,11000,50,1,9,0.01,0.5,109990,+AC0-8
4.107496166,0.068267926,3.31,3.07,50,50,+ADw-function relu at 0x7f34c81b9d70+AD4-,+ADw-function relu at 0x7f34c81b9d70+AD4-,0,0,100,24000,50,1,9,0.01,0.9,239990,+AC0-8
4.08410995,0.055234092,3.32,2.95,50,50,+ADw-function relu at 0x7f34c81b9d70+AD4-,+ADw-function relu at 0x7f34c81b9d70+AD4-,0,0,100,6500,50,1,9,0.005,0.5,64990,+AC0-8
4.103623549,0.039639852,3.1,2.82,50,50,+ADw-function relu at 0x7f34c81b9d70+AD4-,+ADw-function relu at 0x7f34c81b9d70+AD4-,0,0,100,9000,50,1,9,0.005,0.9,89990,+AC0-8
1.846999649,0.381494433,8,7.59,50,50,+ADw-function relu at 0x7f34c81b9d70+AD4-,+ADw-function relu at 0x7f34c81b9d70+AD4-,0,0,250,3000,50,1,9,0.05,0.5,29990,+AC0-8
1.855506198,2.30335286,89.9,89.7,50,50,+ADw-function relu at 0x7f34c81b9d70+AD4-,+ADw-function relu at 0x7f34c81b9d70+AD4-,0,0,250,200,50,1,9,0.05,0.9,10000,+AC0-8
1.847054199,0.053080391,3.1,2.72,50,50,+ADw-function relu at 0x7f34c81b9d70+AD4-,+ADw-function relu at 0x7f34c81b9d70+AD4-,0,0,250,6400,50,1,9,0.01,0.5,63990,+AC0-8
1.849807735,0.043056123,3.32,2.92,50,50,+ADw-function relu at 0x7f34c81b9d70+AD4-,+ADw-function relu at 0x7f34c81b9d70+AD4-,0,0,250,3000,50,1,9,0.01,0.9,29990,+AC0-8
1.8433248,0.034036332,3.16,2.93,50,50,+ADw-function relu at 0x7f34c81b9d70+AD4-,+ADw-function relu at 0x7f34c81b9d70+AD4-,0,0,250,4400,50,1,9,0.005,0.5,43990,+AC0-8
1.857244265,0.024921813,3.18,2.84,50,50,+ADw-function relu at 0x7f34c81b9d70+AD4-,+ADw-function relu at 0x7f34c81b9d70+AD4-,0,0,250,4600,50,1,9,0.005,0.9,45990,+AC0-8
1.129623787,0.238929569,6.29,5.88,50,50,+ADw-function relu at 0x7f34c81b9d70+AD4-,+ADw-function relu at 0x7f34c81b9d70+AD4-,0,0,500,3200,50,1,9,0.05,0.5,31990,+AC0-8
1.134962865,0.242600776,6.21,5.6,50,50,+ADw-function relu at 0x7f34c81b9d70+AD4-,+ADw-function relu at 0x7f34c81b9d70+AD4-,0,0,500,4800,50,1,9,0.05,0.9,47990,+AC0-8
1.125302903,0.030872895,3.35,2.81,50,50,+ADw-function relu at 0x7f34c81b9d70+AD4-,+ADw-function relu at 0x7f34c81b9d70+AD4-,0,0,500,4500,50,1,9,0.01,0.5,44990,+AC0-8
1.125616884,0.031316056,2.94,2.81,50,50,+ADw-function relu at 0x7f34c81b9d70+AD4-,+ADw-function relu at 0x7f34c81b9d70+AD4-,0,0,500,5000,50,1,9,0.01,0.9,49990,+AC0-8
1.125496233,0.023933648,3.34,3.11,50,50,+ADw-function relu at 0x7f34c81b9d70+AD4-,+ADw-function relu at 0x7f34c81b9d70+AD4-,0,0,500,4900,50,1,9,0.005,0.5,48990,+AC0-8
1.123348618,0.012652083,3.37,3,50,50,+ADw-function relu at 0x7f34c81b9d70+AD4-,+ADw-function relu at 0x7f34c81b9d70+AD4-,0,0,500,4700,50,1,9,0.005,0.9,46990,+AC0-8
3.942603115,0.410150315,9,8.45,50,50,+ADw-function relu at 0x7f34c81b9d70+AD4-,+ACI-Elemwise+AHs-tanh,no+AF8-inplace+AH0-+ACI-,0,0,100,23000,50,1,9,0.05,0.5,229990,+AC0-8
3.935129635,0.395713247,9.27,8.32,50,50,+ADw-function relu at 0x7f34c81b9d70+AD4-,+ACI-Elemwise+AHs-tanh,no+AF8-inplace+AH0-+ACI-,0,0,100,24000,50,1,9,0.05,0.9,239990,+AC0-8
3.903644236,0.099605674,3.51,3.2,50,50,+ADw-function relu at 0x7f34c81b9d70+AD4-,+ACI-Elemwise+AHs-tanh,no+AF8-inplace+AH0-+ACI-,0,0,100,9500,50,1,9,0.01,0.5,94990,+AC0-8
3.914604747,0.058521984,3.28,2.88,50,50,+ADw-function relu at 0x7f34c81b9d70+AD4-,+ACI-Elemwise+AHs-tanh,no+AF8-inplace+AH0-+ACI-,0,0,100,10500,50,1,9,0.01,0.9,104990,+AC0-8
3.936764467,0.05535037,3.81,3.07,50,50,+ADw-function relu at 0x7f34c81b9d70+AD4-,+ACI-Elemwise+AHs-tanh,no+AF8-inplace+AH0-+ACI-,0,0,100,22500,50,1,9,0.005,0.5,224990,+AC0-8
3.892789551,0.028299315,3.34,2.73,50,50,+ADw-function relu at 0x7f34c81b9d70+AD4-,+ACI-Elemwise+AHs-tanh,no+AF8-inplace+AH0-+ACI-,0,0,100,15500,50,1,9,0.005,0.9,154990,+AC0-8
1.821404866,0.243011141,6.54,6.06,50,50,+ADw-function relu at 0x7f34c81b9d70+AD4-,+ACI-Elemwise+AHs-tanh,no+AF8-inplace+AH0-+ACI-,0,0,250,8400,50,1,9,0.05,0.5,83990,+AC0-8
1.824323165,0.281736578,7.29,6.62,50,50,+ADw-function relu at 0x7f34c81b9d70+AD4-,+ACI-Elemwise+AHs-tanh,no+AF8-inplace+AH0-+ACI-,0,0,250,9200,50,1,9,0.05,0.9,91990,+AC0-8
1.820972919,0.030129669,3.34,2.86,50,50,+ADw-function relu at 0x7f34c81b9d70+AD4-,+ACI-Elemwise+AHs-tanh,no+AF8-inplace+AH0-+ACI-,0,0,250,5200,50,1,9,0.01,0.5,51990,+AC0-8
1.823083719,0.03275808,3.43,2.96,50,50,+ADw-function relu at 0x7f34c81b9d70+AD4-,+ACI-Elemwise+AHs-tanh,no+AF8-inplace+AH0-+ACI-,0,0,250,9600,50,1,9,0.01,0.9,95990,+AC0-8
1.824146648,0.021277837,3.37,3.02,50,50,+ADw-function relu at 0x7f34c81b9d70+AD4-,+ACI-Elemwise+AHs-tanh,no+AF8-inplace+AH0-+ACI-,0,0,250,6200,50,1,9,0.005,0.5,61990,+AC0-8
1.825876248,0.015612659,3.35,2.95,50,50,+ADw-function relu at 0x7f34c81b9d70+AD4-,+ACI-Elemwise+AHs-tanh,no+AF8-inplace+AH0-+ACI-,0,0,250,7400,50,1,9,0.005,0.9,73990,+AC0-8
1.096640114,0.185629557,5.32,4.85,50,50,+ADw-function relu at 0x7f34c81b9d70+AD4-,+ACI-Elemwise+AHs-tanh,no+AF8-inplace+AH0-+ACI-,0,0,500,4900,50,1,9,0.05,0.5,48990,+AC0-8
1.102366781,0.213407926,6.38,5.53,50,50,+ADw-function relu at 0x7f34c81b9d70+AD4-,+ACI-Elemwise+AHs-tanh,no+AF8-inplace+AH0-+ACI-,0,0,500,3100,50,1,9,0.05,0.9,30990,+AC0-8
1.100202783,0.015929149,3.3,3.08,50,50,+ADw-function relu at 0x7f34c81b9d70+AD4-,+ACI-Elemwise+AHs-tanh,no+AF8-inplace+AH0-+ACI-,0,0,500,2100,50,1,9,0.01,0.5,20990,+AC0-8
1.097629702,0.01959091,3.12,2.95,50,50,+ADw-function relu at 0x7f34c81b9d70+AD4-,+ACI-Elemwise+AHs-tanh,no+AF8-inplace+AH0-+ACI-,0,0,500,1900,50,1,9,0.01,0.9,18990,+AC0-8
1.102566135,0.012123631,3.52,2.92,50,50,+ADw-function relu at 0x7f34c81b9d70+AD4-,+ACI-Elemwise+AHs-tanh,no+AF8-inplace+AH0-+ACI-,0,0,500,4400,50,1,9,0.005,0.5,43990,+AC0-8
1.09909838,0.013982002,3.33,2.94,50,50,+ADw-function relu at 0x7f34c81b9d70+AD4-,+ACI-Elemwise+AHs-tanh,no+AF8-inplace+AH0-+ACI-,0,0,500,4300,50,1,9,0.005,0.9,42990,+AC0-8
4.151543848,0.004597492,89.9,89.7,50,21,+ADw-function relu at 0x7f34c81b9d70+AD4-,+ADw-function relu at 0x7f34c81b9d70+AD4-,0,0,100,500,50,1,19,0.05,0.5,10000,+AC0-8
4.143943115,0.004598941,89.89,89.65,50,21,+ADw-function relu at 0x7f34c81b9d70+AD4-,+ADw-function relu at 0x7f34c81b9d70+AD4-,0,0,100,500,50,1,19,0.05,0.9,10000,+AC0-8
10.39927523,1.98928981,4.1,3.7,50,50,+ADw-function relu at 0x7f34c81b9d70+AD4-,+ADw-function relu at 0x7f34c81b9d70+AD4-,0,0,100,6500,50,1,19,0.01,0.5,64990,+AC0-8
10.3867131,0.169187831,4.1,3.55,50,50,+ADw-function relu at 0x7f34c81b9d70+AD4-,+ADw-function relu at 0x7f34c81b9d70+AD4-,0,0,100,7000,50,1,19,0.01,0.9,69990,+AC0-8
10.40788332,0.032778038,3.18,2.91,50,50,+ADw-function relu at 0x7f34c81b9d70+AD4-,+ADw-function relu at 0x7f34c81b9d70+AD4-,0,0,100,23000,50,1,19,0.005,0.5,229990,+AC0-8
10.43556768,0.043689238,3.62,3.08,50,50,+ADw-function relu at 0x7f34c81b9d70+AD4-,+ADw-function relu at 0x7f34c81b9d70+AD4-,0,0,100,8000,50,1,19,0.005,0.9,79990,+AC0-8
4.663297149,2.303209497,89.9,89.7,50,50,+ADw-function relu at 0x7f34c81b9d70+AD4-,+ADw-function relu at 0x7f34c81b9d70+AD4-,0,0,250,400,50,1,19,0.05,0.5,10000,+AC0-8
3.910373465,2.303352853,84.94,85.09,50,50,+ADw-function relu at 0x7f34c81b9d70+AD4-,+ADw-function relu at 0x7f34c81b9d70+AD4-,0,0,250,1400,50,1,19,0.05,0.9,13990,+AC0-8
3.836954232,0.056464909,3.57,3.27,50,50,+ADw-function relu at 0x7f34c81b9d70+AD4-,+ADw-function relu at 0x7f34c81b9d70+AD4-,0,0,250,8600,50,1,19,0.01,0.5,85990,+AC0-8
3.850290183,0.040025252,3.31,3.19,50,50,+ADw-function relu at 0x7f34c81b9d70+AD4-,+ADw-function relu at 0x7f34c81b9d70+AD4-,0,0,250,5000,50,1,19,0.01,0.9,49990,+AC0-8
3.814709584,0.035833505,3.22,3.17,50,50,+ADw-function relu at 0x7f34c81b9d70+AD4-,+ADw-function relu at 0x7f34c81b9d70+AD4-,0,0,250,3600,50,1,19,0.005,0.5,35990,+AC0-8
3.887500183,0.020953087,3.02,3.07,50,50,+ADw-function relu at 0x7f34c81b9d70+AD4-,+ADw-function relu at 0x7f34c81b9d70+AD4-,0,0,250,8000,50,1,19,0.005,0.9,77990,+AC0-8
2.262821253,2.302530501,88.65,89.36,50,50,+ADw-function relu at 0x7f34c81b9d70+AD4-,+ADw-function relu at 0x7f34c81b9d70+AD4-,0,0,500,200,50,1,19,0.05,0.5,10000,+AC0-8
2.30974075,2.302641444,88.65,89.36,50,50,+ADw-function relu at 0x7f34c81b9d70+AD4-,+ADw-function relu at 0x7f34c81b9d70+AD4-,0,0,500,100,50,1,19,0.05,0.9,10000,+AC0-8
2.278773602,0.038296855,3.44,3.21,50,50,+ADw-function relu at 0x7f34c81b9d70+AD4-,+ADw-function relu at 0x7f34c81b9d70+AD4-,0,0,500,3500,50,1,19,0.01,0.5,34990,+AC0-8
2.307026084,0.033688039,3.27,3.03,50,50,+ADw-function relu at 0x7f34c81b9d70+AD4-,+ADw-function relu at 0x7f34c81b9d70+AD4-,0,0,500,1600,50,1,19,0.01,0.9,15990,+AC0-8
2.254509934,0.017102027,2.95,2.9,50,50,+ADw-function relu at 0x7f34c81b9d70+AD4-,+ADw-function relu at 0x7f34c81b9d70+AD4-,0,0,500,4500,50,1,19,0.005,0.5,44990,+AC0-8
2.261034735,0.018141009,3.26,2.9,50,50,+ADw-function relu at 0x7f34c81b9d70+AD4-,+ADw-function relu at 0x7f34c81b9d70+AD4-,0,0,500,3900,50,1,19,0.005,0.9,38990,+AC0-8
3.5983054,0.003920414,15.34,15.18,50,21,+ADw-function relu at 0x7f34c81b9d70+AD4-,+ACI-Elemwise+AHs-tanh,no+AF8-inplace+AH0-+ACI-,0,0,100,1000,50,1,19,0.05,0.5,10000,+AC0-8
9.057316752,0.684446987,12.65,11.73,50,50,+ADw-function relu at 0x7f34c81b9d70+AD4-,+ACI-Elemwise+AHs-tanh,no+AF8-inplace+AH0-+ACI-,0,0,100,22500,50,1,19,0.05,0.9,224990,+AC0-8
9.188087801,0.197766916,4.23,3.82,50,50,+ADw-function relu at 0x7f34c81b9d70+AD4-,+ACI-Elemwise+AHs-tanh,no+AF8-inplace+AH0-+ACI-,0,0,100,7500,50,1,19,0.01,0.5,74990,+AC0-8
8.347982268,0.097599901,3.71,3.36,50,50,+ADw-function relu at 0x7f34c81b9d70+AD4-,+ACI-Elemwise+AHs-tanh,no+AF8-inplace+AH0-+ACI-,0,0,100,10500,50,1,19,0.01,0.9,104990,+AC0-8
7.863908633,0.04012022,3.28,2.93,50,50,+ADw-function relu at 0x7f34c81b9d70+AD4-,+ACI-Elemwise+AHs-tanh,no+AF8-inplace+AH0-+ACI-,0,0,100,22500,50,1,19,0.005,0.5,224990,+AC0-8
7.911761487,0.027840162,2.94,2.88,50,50,+ADw-function relu at 0x7f34c81b9d70+AD4-,+ACI-Elemwise+AHs-tanh,no+AF8-inplace+AH0-+ACI-,0,0,100,20000,50,1,19,0.005,0.9,199990,+AC0-8
3.712933282,0.689858861,9.76,8.74,50,50,+ADw-function relu at 0x7f34c81b9d70+AD4-,+ACI-Elemwise+AHs-tanh,no+AF8-inplace+AH0-+ACI-,0,0,250,1000,50,1,19,0.05,0.5,10000,+AC0-8
3.725252231,0.703059462,14.42,13.88,50,50,+ADw-function relu at 0x7f34c81b9d70+AD4-,+ACI-Elemwise+AHs-tanh,no+AF8-inplace+AH0-+ACI-,0,0,250,1800,50,1,19,0.05,0.9,17990,+AC0-8
3.710298248,0.060507236,3.66,3.07,50,50,+ADw-function relu at 0x7f34c81b9d70+AD4-,+ACI-Elemwise+AHs-tanh,no+AF8-inplace+AH0-+ACI-,0,0,250,6200,50,1,19,0.01,0.5,61990,+AC0-8
3.709287067,0.037180585,3.12,2.83,50,50,+ADw-function relu at 0x7f34c81b9d70+AD4-,+ACI-Elemwise+AHs-tanh,no+AF8-inplace+AH0-+ACI-,0,0,250,8000,50,1,19,0.01,0.9,79990,+AC0-8
3.724466117,0.014646241,3.34,3.07,50,50,+ADw-function relu at 0x7f34c81b9d70+AD4-,+ACI-Elemwise+AHs-tanh,no+AF8-inplace+AH0-+ACI-,0,0,250,9200,50,1,19,0.005,0.5,91990,+AC0-8
3.695188717,0.014835113,3.52,2.78,50,50,+ADw-function relu at 0x7f34c81b9d70+AD4-,+ACI-Elemwise+AHs-tanh,no+AF8-inplace+AH0-+ACI-,0,0,250,6600,50,1,19,0.005,0.9,65990,+AC0-8
2.205877634,0.225767083,6.82,6.07,50,50,+ADw-function relu at 0x7f34c81b9d70+AD4-,+ACI-Elemwise+AHs-tanh,no+AF8-inplace+AH0-+ACI-,0,0,500,2500,50,1,19,0.05,0.5,24990,+AC0-8
2.21427025,0.325859198,7.99,7.33,50,50,+ADw-function relu at 0x7f34c81b9d70+AD4-,+ACI-Elemwise+AHs-tanh,no+AF8-inplace+AH0-+ACI-,0,0,500,3400,50,1,19,0.05,0.9,33990,+AC0-8
2.164361298,0.020570463,3.27,3.1,50,50,+ADw-function relu at 0x7f34c81b9d70+AD4-,+ACI-Elemwise+AHs-tanh,no+AF8-inplace+AH0-+ACI-,0,0,500,2200,50,1,19,0.01,0.5,21990,+AC0-8
2.201182652,0.017418079,3.06,2.96,50,50,+ADw-function relu at 0x7f34c81b9d70+AD4-,+ACI-Elemwise+AHs-tanh,no+AF8-inplace+AH0-+ACI-,0,0,500,4900,50,1,19,0.01,0.9,48990,+AC0-8
2.169121452,0.012473712,3.29,3.14,50,50,+ADw-function relu at 0x7f34c81b9d70+AD4-,+ACI-Elemwise+AHs-tanh,no+AF8-inplace+AH0-+ACI-,0,0,500,3700,50,1,19,0.005,0.5,36990,+AC0-8
2.165627249,0.013926904,3.29,2.94,50,50,+ADw-function relu at 0x7f34c81b9d70+AD4-,+ACI-Elemwise+AHs-tanh,no+AF8-inplace+AH0-+ACI-,0,0,500,5000,50,1,19,0.005,0.9,49990,+AC0-8
10.82988535,0.004597492,89.9,89.7,50,21,+ADw-function relu at 0x7fa7655d5d70+AD4-,+ADw-function relu at 0x7fa7655d5d70+AD4-,0,0,100,500,50,1,49,0.05,0.5,10000,+AC0-1
21.17687198,2.305099243,78.61,79.23,50,50,+ADw-function relu at 0x7fa7655d5d70+AD4-,+ADw-function relu at 0x7fa7655d5d70+AD4-,0,0,100,6000,50,1,49,0.05,0.9,59990,+AC0-1
21.92261797,2.301800268,4.34,3.7,50,50,+ADw-function relu at 0x7fa7655d5d70+AD4-,+ADw-function relu at 0x7fa7655d5d70+AD4-,0,0,100,3000,50,1,49,0.01,0.5,29990,+AC0-1
23.95620355,2.260404519,3.97,3.76,50,50,+ADw-function relu at 0x7fa7655d5d70+AD4-,+ADw-function relu at 0x7fa7655d5d70+AD4-,0,0,100,2500,50,1,49,0.01,0.9,24990,+AC0-1
21.80560922,0.06283658,3.14,2.96,50,50,+ADw-function relu at 0x7fa7655d5d70+AD4-,+ADw-function relu at 0x7fa7655d5d70+AD4-,0,0,100,23500,50,1,49,0.005,0.5,234990,+AC0-1
21.11708298,0.01663695,3.12,2.9,50,50,+ADw-function relu at 0x7fa7655d5d70+AD4-,+ADw-function relu at 0x7fa7655d5d70+AD4-,0,0,100,23500,50,1,49,0.005,0.9,234990,+AC0-1
9.686077948,2.303209473,88.69,89.43,50,50,+ADw-function relu at 0x7fa7655d5d70+AD4-,+ADw-function relu at 0x7fa7655d5d70+AD4-,0,0,250,200,50,1,49,0.05,0.5,10000,+AC0-1
9.72543275,2.303352855,88.65,89.36,50,50,+ADw-function relu at 0x7fa7655d5d70+AD4-,+ADw-function relu at 0x7fa7655d5d70+AD4-,0,0,250,800,50,1,49,0.05,0.9,10000,+AC0-1
9.636978531,0.076716314,3.13,3.01,50,50,+ADw-function relu at 0x7fa7655d5d70+AD4-,+ADw-function relu at 0x7fa7655d5d70+AD4-,0,0,250,6400,50,1,49,0.01,0.5,63990,+AC0-1
9.691513832,2.30150282,5.29,5.16,50,50,+ADw-function relu at 0x7fa7655d5d70+AD4-,+ADw-function relu at 0x7fa7655d5d70+AD4-,0,0,250,600,50,1,49,0.01,0.9,10000,+AC0-1
9.622258782,0.017675222,3.31,3.04,50,50,+ADw-function relu at 0x7fa7655d5d70+AD4-,+ADw-function relu at 0x7fa7655d5d70+AD4-,0,0,250,5200,50,1,49,0.005,0.5,51990,+AC0-1
9.708813282,0.016446931,3.04,2.81,50,50,+ADw-function relu at 0x7fa7655d5d70+AD4-,+ADw-function relu at 0x7fa7655d5d70+AD4-,0,0,250,7200,50,1,49,0.005,0.9,71990,+AC0-1
5.932542102,2.302530515,88.91,88.62,50,50,+ADw-function relu at 0x7fa7655d5d70+AD4-,+ADw-function relu at 0x7fa7655d5d70+AD4-,0,0,500,300,50,1,49,0.05,0.5,10000,+AC0-1
5.933333,2.302641449,88.65,89.36,50,50,+ADw-function relu at 0x7fa7655d5d70+AD4-,+ADw-function relu at 0x7fa7655d5d70+AD4-,0,0,500,200,50,1,49,0.05,0.9,10000,+AC0-1
5.841724916,0.023823212,3.37,3.08,50,50,+ADw-function relu at 0x7fa7655d5d70+AD4-,+ADw-function relu at 0x7fa7655d5d70+AD4-,0,0,500,4800,50,1,49,0.01,0.5,47990,+AC0-1
5.861810748,0.019554256,3.29,2.97,50,50,+ADw-function relu at 0x7fa7655d5d70+AD4-,+ADw-function relu at 0x7fa7655d5d70+AD4-,0,0,500,2300,50,1,49,0.01,0.9,22990,+AC0-1
5.801080867,0.013643257,3.68,2.86,50,50,+ADw-function relu at 0x7fa7655d5d70+AD4-,+ADw-function relu at 0x7fa7655d5d70+AD4-,0,0,500,3100,50,1,49,0.005,0.5,30990,+AC0-1
5.845873932,0.013322315,3.09,2.95,50,50,+ADw-function relu at 0x7fa7655d5d70+AD4-,+ADw-function relu at 0x7fa7655d5d70+AD4-,0,0,500,5000,50,1,49,0.005,0.9,49990,+AC0-1
8.332647351,0.008485359,46.8,46.02,50,21,+ADw-function relu at 0x7fa7655d5d70+AD4-,+ACI-Elemwise+AHs-tanh,no+AF8-inplace+AH0-+ACI-,0,0,100,500,50,1,49,0.05,0.5,10000,+AC0-1
8.3196322,0.005356925,71.92,72.4,50,21,+ADw-function relu at 0x7fa7655d5d70+AD4-,+ACI-Elemwise+AHs-tanh,no+AF8-inplace+AH0-+ACI-,0,0,100,500,50,1,49,0.05,0.9,10000,+AC0-1
21.5408772,0.18125504,4.84,4.03,50,50,+ADw-function relu at 0x7fa7655d5d70+AD4-,+ACI-Elemwise+AHs-tanh,no+AF8-inplace+AH0-+ACI-,0,0,100,5000,50,1,49,0.01,0.5,49990,+AC0-1
23.76684982,0.092697633,3.66,3.28,50,50,+ADw-function relu at 0x7fa7655d5d70+AD4-,+ACI-Elemwise+AHs-tanh,no+AF8-inplace+AH0-+ACI-,0,0,100,8000,50,1,49,0.01,0.9,79990,+AC0-1
25.39252328,0.03435275,3.25,3.04,50,50,+ADw-function relu at 0x7fa7655d5d70+AD4-,+ACI-Elemwise+AHs-tanh,no+AF8-inplace+AH0-+ACI-,0,0,100,23000,50,1,49,0.005,0.5,229990,+AC0-1
26.88136588,0.015126068,2.94,2.83,50,50,+ADw-function relu at 0x7fa7655d5d70+AD4-,+ACI-Elemwise+AHs-tanh,no+AF8-inplace+AH0-+ACI-,0,0,100,25000,50,1,49,0.005,0.9,249990,+AC0-1
11.9106088,2.874000345,11.84,11.25,50,50,+ADw-function relu at 0x7fa7655d5d70+AD4-,+ACI-Elemwise+AHs-tanh,no+AF8-inplace+AH0-+ACI-,0,0,250,600,50,1,49,0.05,0.5,10000,+AC0-1
11.88110125,3.029779688,19.69,18.53,50,50,+ADw-function relu at 0x7fa7655d5d70+AD4-,+ACI-Elemwise+AHs-tanh,no+AF8-inplace+AH0-+ACI-,0,0,250,800,50,1,49,0.05,0.9,10000,+AC0-1
11.96326174,0.025249595,3.23,2.96,50,50,+ADw-function relu at 0x7fa7655d5d70+AD4-,+ACI-Elemwise+AHs-tanh,no+AF8-inplace+AH0-+ACI-,0,0,250,9200,50,1,49,0.01,0.5,67990,+AC0-1
9.326266897,0.025294207,3.44,2.8,50,50,+ADw-function relu at 0x7fa7655d5d70+AD4-,+ACI-Elemwise+AHs-tanh,no+AF8-inplace+AH0-+ACI-,0,0,250,9000,50,1,49,0.01,0.9,89990,+AC0-1
9.325537384,0.010840391,3.23,2.77,50,50,+ADw-function relu at 0x7fa7655d5d70+AD4-,+ACI-Elemwise+AHs-tanh,no+AF8-inplace+AH0-+ACI-,0,0,250,7400,50,1,49,0.005,0.5,73990,+AC0-1
9.291528265,0.007824437,3.32,2.81,50,50,+ADw-function relu at 0x7fa7655d5d70+AD4-,+ACI-Elemwise+AHs-tanh,no+AF8-inplace+AH0-+ACI-,0,0,250,4400,50,1,49,0.005,0.9,43990,+AC0-1
5.498123733,0.540123793,7.79,7.35,50,50,+ADw-function relu at 0x7fa7655d5d70+AD4-,+ACI-Elemwise+AHs-tanh,no+AF8-inplace+AH0-+ACI-,0,0,500,2200,50,1,49,0.05,0.5,21990,+AC0-1
5.872875269,2.972157512,12.91,12.02,50,50,+ADw-function relu at 0x7fa7655d5d70+AD4-,+ACI-Elemwise+AHs-tanh,no+AF8-inplace+AH0-+ACI-,0,0,500,1500,50,1,49,0.05,0.9,14990,+AC0-1
5.688793735,0.011649444,3.14,2.88,50,50,+ADw-function relu at 0x7fa7655d5d70+AD4-,+ACI-Elemwise+AHs-tanh,no+AF8-inplace+AH0-+ACI-,0,0,500,3900,50,1,49,0.01,0.5,38990,+AC0-1
5.746559668,0.015656665,3.39,2.82,50,50,+ADw-function relu at 0x7fa7655d5d70+AD4-,+ACI-Elemwise+AHs-tanh,no+AF8-inplace+AH0-+ACI-,0,0,500,3000,50,1,49,0.01,0.9,29990,+AC0-1
5.774820765,0.006089687,3.35,2.82,50,50,+ADw-function relu at 0x7fa7655d5d70+AD4-,+ACI-Elemwise+AHs-tanh,no+AF8-inplace+AH0-+ACI-,0,0,500,4900,50,1,49,0.005,0.5,48990,+AC0-1
6.865284832,0.010538806,3.45,3.03,50,50,+ADw-function relu at 0x7fa7655d5d70+AD4-,+ACI-Elemwise+AHs-tanh,no+AF8-inplace+AH0-+ACI-,0,0,500,4800,50,1,49,0.005,0.9,47990,+AC0-1
3.879894169,0.752952845,13.41,12.45,50,50,+ADw-function relu at 0x7f34c81b9d70+AD4-,+ADw-function relu at 0x7f34c81b9d70+AD4-,0,0,100,3500,50,1,9,0.05,0.5,34990,+AC0-1
4.1242214,0.760824029,23.16,23.23,50,50,+ADw-function relu at 0x7f34c81b9d70+AD4-,+ADw-function relu at 0x7f34c81b9d70+AD4-,0,0,100,3500,50,1,9,0.05,0.9,34990,+AC0-1
4.079996936,0.088015256,3.83,3.42,50,50,+ADw-function relu at 0x7f34c81b9d70+AD4-,+ADw-function relu at 0x7f34c81b9d70+AD4-,0,0,100,11000,50,1,9,0.01,0.5,109990,+AC0-1
4.107496166,0.068267926,3.31,3.07,50,50,+ADw-function relu at 0x7f34c81b9d70+AD4-,+ADw-function relu at 0x7f34c81b9d70+AD4-,0,0,100,24000,50,1,9,0.01,0.9,239990,+AC0-1
4.08410995,0.055234092,3.32,2.95,50,50,+ADw-function relu at 0x7f34c81b9d70+AD4-,+ADw-function relu at 0x7f34c81b9d70+AD4-,0,0,100,6500,50,1,9,0.005,0.5,64990,+AC0-1
4.103623549,0.039639852,3.1,2.82,50,50,+ADw-function relu at 0x7f34c81b9d70+AD4-,+ADw-function relu at 0x7f34c81b9d70+AD4-,0,0,100,9000,50,1,9,0.005,0.9,89990,+AC0-1
1.846999649,0.381494433,8,7.59,50,50,+ADw-function relu at 0x7f34c81b9d70+AD4-,+ADw-function relu at 0x7f34c81b9d70+AD4-,0,0,250,3000,50,1,9,0.05,0.5,29990,+AC0-1
1.855506198,2.30335286,89.9,89.7,50,50,+ADw-function relu at 0x7f34c81b9d70+AD4-,+ADw-function relu at 0x7f34c81b9d70+AD4-,0,0,250,200,50,1,9,0.05,0.9,10000,+AC0-1
1.847054199,0.053080391,3.1,2.72,50,50,+ADw-function relu at 0x7f34c81b9d70+AD4-,+ADw-function relu at 0x7f34c81b9d70+AD4-,0,0,250,6400,50,1,9,0.01,0.5,63990,+AC0-1
1.849807735,0.043056123,3.32,2.92,50,50,+ADw-function relu at 0x7f34c81b9d70+AD4-,+ADw-function relu at 0x7f34c81b9d70+AD4-,0,0,250,3000,50,1,9,0.01,0.9,29990,+AC0-1
1.8433248,0.034036332,3.16,2.93,50,50,+ADw-function relu at 0x7f34c81b9d70+AD4-,+ADw-function relu at 0x7f34c81b9d70+AD4-,0,0,250,4400,50,1,9,0.005,0.5,43990,+AC0-1
1.857244265,0.024921813,3.18,2.84,50,50,+ADw-function relu at 0x7f34c81b9d70+AD4-,+ADw-function relu at 0x7f34c81b9d70+AD4-,0,0,250,4600,50,1,9,0.005,0.9,45990,+AC0-1
1.129623787,0.238929569,6.29,5.88,50,50,+ADw-function relu at 0x7f34c81b9d70+AD4-,+ADw-function relu at 0x7f34c81b9d70+AD4-,0,0,500,3200,50,1,9,0.05,0.5,31990,+AC0-1
1.134962865,0.242600776,6.21,5.6,50,50,+ADw-function relu at 0x7f34c81b9d70+AD4-,+ADw-function relu at 0x7f34c81b9d70+AD4-,0,0,500,4800,50,1,9,0.05,0.9,47990,+AC0-1
1.125302903,0.030872895,3.35,2.81,50,50,+ADw-function relu at 0x7f34c81b9d70+AD4-,+ADw-function relu at 0x7f34c81b9d70+AD4-,0,0,500,4500,50,1,9,0.01,0.5,44990,+AC0-1
1.125616884,0.031316056,2.94,2.81,50,50,+ADw-function relu at 0x7f34c81b9d70+AD4-,+ADw-function relu at 0x7f34c81b9d70+AD4-,0,0,500,5000,50,1,9,0.01,0.9,49990,+AC0-1
1.125496233,0.023933648,3.34,3.11,50,50,+ADw-function relu at 0x7f34c81b9d70+AD4-,+ADw-function relu at 0x7f34c81b9d70+AD4-,0,0,500,4900,50,1,9,0.005,0.5,48990,+AC0-1
1.123348618,0.012652083,3.37,3,50,50,+ADw-function relu at 0x7f34c81b9d70+AD4-,+ADw-function relu at 0x7f34c81b9d70+AD4-,0,0,500,4700,50,1,9,0.005,0.9,46990,+AC0-1
3.942603115,0.410150315,9,8.45,50,50,+ADw-function relu at 0x7f34c81b9d70+AD4-,+ACI-Elemwise+AHs-tanh,no+AF8-inplace+AH0-+ACI-,0,0,100,23000,50,1,9,0.05,0.5,229990,+AC0-1
3.935129635,0.395713247,9.27,8.32,50,50,+ADw-function relu at 0x7f34c81b9d70+AD4-,+ACI-Elemwise+AHs-tanh,no+AF8-inplace+AH0-+ACI-,0,0,100,24000,50,1,9,0.05,0.9,239990,+AC0-1
3.903644236,0.099605674,3.51,3.2,50,50,+ADw-function relu at 0x7f34c81b9d70+AD4-,+ACI-Elemwise+AHs-tanh,no+AF8-inplace+AH0-+ACI-,0,0,100,9500,50,1,9,0.01,0.5,94990,+AC0-1
3.914604747,0.058521984,3.28,2.88,50,50,+ADw-function relu at 0x7f34c81b9d70+AD4-,+ACI-Elemwise+AHs-tanh,no+AF8-inplace+AH0-+ACI-,0,0,100,10500,50,1,9,0.01,0.9,104990,+AC0-1
3.936764467,0.05535037,3.81,3.07,50,50,+ADw-function relu at 0x7f34c81b9d70+AD4-,+ACI-Elemwise+AHs-tanh,no+AF8-inplace+AH0-+ACI-,0,0,100,22500,50,1,9,0.005,0.5,224990,+AC0-1
3.892789551,0.028299315,3.34,2.73,50,50,+ADw-function relu at 0x7f34c81b9d70+AD4-,+ACI-Elemwise+AHs-tanh,no+AF8-inplace+AH0-+ACI-,0,0,100,15500,50,1,9,0.005,0.9,154990,+AC0-1
1.821404866,0.243011141,6.54,6.06,50,50,+ADw-function relu at 0x7f34c81b9d70+AD4-,+ACI-Elemwise+AHs-tanh,no+AF8-inplace+AH0-+ACI-,0,0,250,8400,50,1,9,0.05,0.5,83990,+AC0-1
1.824323165,0.281736578,7.29,6.62,50,50,+ADw-function relu at 0x7f34c81b9d70+AD4-,+ACI-Elemwise+AHs-tanh,no+AF8-inplace+AH0-+ACI-,0,0,250,9200,50,1,9,0.05,0.9,91990,+AC0-1
1.820972919,0.030129669,3.34,2.86,50,50,+ADw-function relu at 0x7f34c81b9d70+AD4-,+ACI-Elemwise+AHs-tanh,no+AF8-inplace+AH0-+ACI-,0,0,250,5200,50,1,9,0.01,0.5,51990,+AC0-1
1.823083719,0.03275808,3.43,2.96,50,50,+ADw-function relu at 0x7f34c81b9d70+AD4-,+ACI-Elemwise+AHs-tanh,no+AF8-inplace+AH0-+ACI-,0,0,250,9600,50,1,9,0.01,0.9,95990,+AC0-1
1.824146648,0.021277837,3.37,3.02,50,50,+ADw-function relu at 0x7f34c81b9d70+AD4-,+ACI-Elemwise+AHs-tanh,no+AF8-inplace+AH0-+ACI-,0,0,250,6200,50,1,9,0.005,0.5,61990,+AC0-1
1.825876248,0.015612659,3.35,2.95,50,50,+ADw-function relu at 0x7f34c81b9d70+AD4-,+ACI-Elemwise+AHs-tanh,no+AF8-inplace+AH0-+ACI-,0,0,250,7400,50,1,9,0.005,0.9,73990,+AC0-1
1.096640114,0.185629557,5.32,4.85,50,50,+ADw-function relu at 0x7f34c81b9d70+AD4-,+ACI-Elemwise+AHs-tanh,no+AF8-inplace+AH0-+ACI-,0,0,500,4900,50,1,9,0.05,0.5,48990,+AC0-1
1.102366781,0.213407926,6.38,5.53,50,50,+ADw-function relu at 0x7f34c81b9d70+AD4-,+ACI-Elemwise+AHs-tanh,no+AF8-inplace+AH0-+ACI-,0,0,500,3100,50,1,9,0.05,0.9,30990,+AC0-1
1.100202783,0.015929149,3.3,3.08,50,50,+ADw-function relu at 0x7f34c81b9d70+AD4-,+ACI-Elemwise+AHs-tanh,no+AF8-inplace+AH0-+ACI-,0,0,500,2100,50,1,9,0.01,0.5,20990,+AC0-1
1.097629702,0.01959091,3.12,2.95,50,50,+ADw-function relu at 0x7f34c81b9d70+AD4-,+ACI-Elemwise+AHs-tanh,no+AF8-inplace+AH0-+ACI-,0,0,500,1900,50,1,9,0.01,0.9,18990,+AC0-1
1.102566135,0.012123631,3.52,2.92,50,50,+ADw-function relu at 0x7f34c81b9d70+AD4-,+ACI-Elemwise+AHs-tanh,no+AF8-inplace+AH0-+ACI-,0,0,500,4400,50,1,9,0.005,0.5,43990,+AC0-1
1.09909838,0.013982002,3.33,2.94,50,50,+ADw-function relu at 0x7f34c81b9d70+AD4-,+ACI-Elemwise+AHs-tanh,no+AF8-inplace+AH0-+ACI-,0,0,500,4300,50,1,9,0.005,0.9,42990,+AC0-1
4.151543848,0.004597492,89.9,89.7,50,21,+ADw-function relu at 0x7f34c81b9d70+AD4-,+ADw-function relu at 0x7f34c81b9d70+AD4-,0,0,100,500,50,1,19,0.05,0.5,10000,+AC0-1
4.143943115,0.004598941,89.89,89.65,50,21,+ADw-function relu at 0x7f34c81b9d70+AD4-,+ADw-function relu at 0x7f34c81b9d70+AD4-,0,0,100,500,50,1,19,0.05,0.9,10000,+AC0-1
10.39927523,1.98928981,4.1,3.7,50,50,+ADw-function relu at 0x7f34c81b9d70+AD4-,+ADw-function relu at 0x7f34c81b9d70+AD4-,0,0,100,6500,50,1,19,0.01,0.5,64990,+AC0-1
10.3867131,0.169187831,4.1,3.55,50,50,+ADw-function relu at 0x7f34c81b9d70+AD4-,+ADw-function relu at 0x7f34c81b9d70+AD4-,0,0,100,7000,50,1,19,0.01,0.9,69990,+AC0-1
10.40788332,0.032778038,3.18,2.91,50,50,+ADw-function relu at 0x7f34c81b9d70+AD4-,+ADw-function relu at 0x7f34c81b9d70+AD4-,0,0,100,23000,50,1,19,0.005,0.5,229990,+AC0-1
10.43556768,0.043689238,3.62,3.08,50,50,+ADw-function relu at 0x7f34c81b9d70+AD4-,+ADw-function relu at 0x7f34c81b9d70+AD4-,0,0,100,8000,50,1,19,0.005,0.9,79990,+AC0-1
4.663297149,2.303209497,89.9,89.7,50,50,+ADw-function relu at 0x7f34c81b9d70+AD4-,+ADw-function relu at 0x7f34c81b9d70+AD4-,0,0,250,400,50,1,19,0.05,0.5,10000,+AC0-1
3.910373465,2.303352853,84.94,85.09,50,50,+ADw-function relu at 0x7f34c81b9d70+AD4-,+ADw-function relu at 0x7f34c81b9d70+AD4-,0,0,250,1400,50,1,19,0.05,0.9,13990,+AC0-1
3.836954232,0.056464909,3.57,3.27,50,50,+ADw-function relu at 0x7f34c81b9d70+AD4-,+ADw-function relu at 0x7f34c81b9d70+AD4-,0,0,250,8600,50,1,19,0.01,0.5,85990,+AC0-1
3.850290183,0.040025252,3.31,3.19,50,50,+ADw-function relu at 0x7f34c81b9d70+AD4-,+ADw-function relu at 0x7f34c81b9d70+AD4-,0,0,250,5000,50,1,19,0.01,0.9,49990,+AC0-1
3.814709584,0.035833505,3.22,3.17,50,50,+ADw-function relu at 0x7f34c81b9d70+AD4-,+ADw-function relu at 0x7f34c81b9d70+AD4-,0,0,250,3600,50,1,19,0.005,0.5,35990,+AC0-1
3.887500183,0.020953087,3.02,3.07,50,50,+ADw-function relu at 0x7f34c81b9d70+AD4-,+ADw-function relu at 0x7f34c81b9d70+AD4-,0,0,250,8000,50,1,19,0.005,0.9,77990,+AC0-1
2.262821253,2.302530501,88.65,89.36,50,50,+ADw-function relu at 0x7f34c81b9d70+AD4-,+ADw-function relu at 0x7f34c81b9d70+AD4-,0,0,500,200,50,1,19,0.05,0.5,10000,+AC0-1
2.30974075,2.302641444,88.65,89.36,50,50,+ADw-function relu at 0x7f34c81b9d70+AD4-,+ADw-function relu at 0x7f34c81b9d70+AD4-,0,0,500,100,50,1,19,0.05,0.9,10000,+AC0-1
2.278773602,0.038296855,3.44,3.21,50,50,+ADw-function relu at 0x7f34c81b9d70+AD4-,+ADw-function relu at 0x7f34c81b9d70+AD4-,0,0,500,3500,50,1,19,0.01,0.5,34990,+AC0-1
2.307026084,0.033688039,3.27,3.03,50,50,+ADw-function relu at 0x7f34c81b9d70+AD4-,+ADw-function relu at 0x7f34c81b9d70+AD4-,0,0,500,1600,50,1,19,0.01,0.9,15990,+AC0-1
2.254509934,0.017102027,2.95,2.9,50,50,+ADw-function relu at 0x7f34c81b9d70+AD4-,+ADw-function relu at 0x7f34c81b9d70+AD4-,0,0,500,4500,50,1,19,0.005,0.5,44990,+AC0-1
2.261034735,0.018141009,3.26,2.9,50,50,+ADw-function relu at 0x7f34c81b9d70+AD4-,+ADw-function relu at 0x7f34c81b9d70+AD4-,0,0,500,3900,50,1,19,0.005,0.9,38990,+AC0-1
3.5983054,0.003920414,15.34,15.18,50,21,+ADw-function relu at 0x7f34c81b9d70+AD4-,+ACI-Elemwise+AHs-tanh,no+AF8-inplace+AH0-+ACI-,0,0,100,1000,50,1,19,0.05,0.5,10000,+AC0-1
9.057316752,0.684446987,12.65,11.73,50,50,+ADw-function relu at 0x7f34c81b9d70+AD4-,+ACI-Elemwise+AHs-tanh,no+AF8-inplace+AH0-+ACI-,0,0,100,22500,50,1,19,0.05,0.9,224990,+AC0-1
9.188087801,0.197766916,4.23,3.82,50,50,+ADw-function relu at 0x7f34c81b9d70+AD4-,+ACI-Elemwise+AHs-tanh,no+AF8-inplace+AH0-+ACI-,0,0,100,7500,50,1,19,0.01,0.5,74990,+AC0-1
8.347982268,0.097599901,3.71,3.36,50,50,+ADw-function relu at 0x7f34c81b9d70+AD4-,+ACI-Elemwise+AHs-tanh,no+AF8-inplace+AH0-+ACI-,0,0,100,10500,50,1,19,0.01,0.9,104990,+AC0-1
7.863908633,0.04012022,3.28,2.93,50,50,+ADw-function relu at 0x7f34c81b9d70+AD4-,+ACI-Elemwise+AHs-tanh,no+AF8-inplace+AH0-+ACI-,0,0,100,22500,50,1,19,0.005,0.5,224990,+AC0-1
7.911761487,0.027840162,2.94,2.88,50,50,+ADw-function relu at 0x7f34c81b9d70+AD4-,+ACI-Elemwise+AHs-tanh,no+AF8-inplace+AH0-+ACI-,0,0,100,20000,50,1,19,0.005,0.9,199990,+AC0-1
3.712933282,0.689858861,9.76,8.74,50,50,+ADw-function relu at 0x7f34c81b9d70+AD4-,+ACI-Elemwise+AHs-tanh,no+AF8-inplace+AH0-+ACI-,0,0,250,1000,50,1,19,0.05,0.5,10000,+AC0-1
3.725252231,0.703059462,14.42,13.88,50,50,+ADw-function relu at 0x7f34c81b9d70+AD4-,+ACI-Elemwise+AHs-tanh,no+AF8-inplace+AH0-+ACI-,0,0,250,1800,50,1,19,0.05,0.9,17990,+AC0-1
3.710298248,0.060507236,3.66,3.07,50,50,+ADw-function relu at 0x7f34c81b9d70+AD4-,+ACI-Elemwise+AHs-tanh,no+AF8-inplace+AH0-+ACI-,0,0,250,6200,50,1,19,0.01,0.5,61990,+AC0-1
3.709287067,0.037180585,3.12,2.83,50,50,+ADw-function relu at 0x7f34c81b9d70+AD4-,+ACI-Elemwise+AHs-tanh,no+AF8-inplace+AH0-+ACI-,0,0,250,8000,50,1,19,0.01,0.9,79990,+AC0-1
3.724466117,0.014646241,3.34,3.07,50,50,+ADw-function relu at 0x7f34c81b9d70+AD4-,+ACI-Elemwise+AHs-tanh,no+AF8-inplace+AH0-+ACI-,0,0,250,9200,50,1,19,0.005,0.5,91990,+AC0-1
3.695188717,0.014835113,3.52,2.78,50,50,+ADw-function relu at 0x7f34c81b9d70+AD4-,+ACI-Elemwise+AHs-tanh,no+AF8-inplace+AH0-+ACI-,0,0,250,6600,50,1,19,0.005,0.9,65990,+AC0-1
2.205877634,0.225767083,6.82,6.07,50,50,+ADw-function relu at 0x7f34c81b9d70+AD4-,+ACI-Elemwise+AHs-tanh,no+AF8-inplace+AH0-+ACI-,0,0,500,2500,50,1,19,0.05,0.5,24990,+AC0-1
2.21427025,0.325859198,7.99,7.33,50,50,+ADw-function relu at 0x7f34c81b9d70+AD4-,+ACI-Elemwise+AHs-tanh,no+AF8-inplace+AH0-+ACI-,0,0,500,3400,50,1,19,0.05,0.9,33990,+AC0-1
2.164361298,0.020570463,3.27,3.1,50,50,+ADw-function relu at 0x7f34c81b9d70+AD4-,+ACI-Elemwise+AHs-tanh,no+AF8-inplace+AH0-+ACI-,0,0,500,2200,50,1,19,0.01,0.5,21990,+AC0-1
2.201182652,0.017418079,3.06,2.96,50,50,+ADw-function relu at 0x7f34c81b9d70+AD4-,+ACI-Elemwise+AHs-tanh,no+AF8-inplace+AH0-+ACI-,0,0,500,4900,50,1,19,0.01,0.9,48990,+AC0-1
2.169121452,0.012473712,3.29,3.14,50,50,+ADw-function relu at 0x7f34c81b9d70+AD4-,+ACI-Elemwise+AHs-tanh,no+AF8-inplace+AH0-+ACI-,0,0,500,3700,50,1,19,0.005,0.5,36990,+AC0-1
2.165627249,0.013926904,3.29,2.94,50,50,+ADw-function relu at 0x7f34c81b9d70+AD4-,+ACI-Elemwise+AHs-tanh,no+AF8-inplace+AH0-+ACI-,0,0,500,5000,50,1,19,0.005,0.9,49990,+AC0-1
